iter	F1	Logloss
0	0.9178189994	0.202868868711	0.9074432919	0.228661787822	0.9260255548	0.1868690832
