iter	F1	Logloss	F1	Logloss	F1	Logloss
0	0.9136528029	0.2136568218	0.9129895046	0.2130021096	0.9147286822	0.2099723805
1	0.9056128293	0.2326018194	0.9068761384	0.229840721	0.9094425484	0.228333067
2	0.9138475417	0.2083427099	0.912935883	0.2102750082	0.914560501	0.2071213186
