iter	F1	Logloss
0	0.9188416698	0.2034385732
1	0.9256508365	0.187973646
2	0.9324749214	0.1726383244
3	0.9297126997	0.1798403472
4	0.9555836619	0.1271540152

