iter	F1	Logloss	F1	Logloss
0	0.9126726545	0.213143521	0.911321891	0.2155278161
1	0.9134781628	0.208614044	0.912214886	0.2121838024
2	0.9154781564	0.2067430473	0.9115044248	0.2121223561
3	0.9135114791	0.2098942844	0.9118331207	0.2121959817
4	0.9136061037	0.2111031884	0.9122597053	0.2128229177
